insert into public.cbinding (bname)
values ('Мягкий'),
       ('Твердый');

insert into public.cformat (fname)
values ('60*79/16'),
	   ('60*84/32'),
	   ('70*100/16'),
	   ('75*90/32'),
	   ('70*100/32');
	   
insert into public.spublisher (pname, paddress, pphone, pfirstn)
values ('Издательская группа «Дело и сервис»','московская москва около горожа', '84959649757', 'Николай');

insert into public.sudc (pkidudc, udesc)
values ('823', 'художественная проза'),
	   ('330', 'экономические науки'),
	   ('821', 'Природа'),
	   ('720', 'Жилищная архитектура');

insert into public.sauthor (alastn, afirstn, acountry)
values ('Роулинг', 'Джоан', 'Великобритания'),
	   ('Адамс', 'Дуглас', 'Великобритания'),
	   ('Браун', 'Дэн', 'США'),
	   ('Савельев', 'Владимир', 'Россия'),
	   ('Толстой', 'Лев', 'Россия'),
	   ('Сапковский', 'Анджей', 'Польша'),
	   ('Стругацкий', 'Аркадий', 'Россия'),
	   ('Стругацкий', 'Борис', 'Россия'),
	   ('Гейман', 'Нил', 'Великобритания'),
	   ('Пратчетт', 'Терри', 'Великобритания');

insert into public.cgenre (gname)
values ('Детектив'),
	   ('Исторический роман'),
	   ('Комедия'),
	   ('Любовный роман'),
	   ('Научная фантастика'),
	   ('Научпоп'),
	   ('Приключения'),
	   ('Триллер'),
	   ('Фентези');

insert into public.rbook (pkisbn, bname, bypubl, bquantity, fkcodepubl, fkbudc, fkbidbformat, fkbidbinding)
values ('100040007000', 'Гарри Поттер и Тайная Комната', 2006, 35, 1, '823', 1, 1),
	   ('100040057089', 'Автостопом по галактике', 2020, 13, 1, '823',2, 2),
	   ('5600340237710', 'Война и мир', 2005, 8, 1, '823', 3, 1),
	   ('320780907000', 'Код да Винчи', 2003, 5, 1, '823', 4, 1),
	   ('100043407080', 'Статистика и котики', 2016, 10, 1, '330',5, 2),
	   ('100949007999', 'Последнее желание', 2020, 23, 1, '823',1, 1),
	   ('156043407077', 'Понедельник начинается в субботу', 2008, 55, 1, '720', 1, 2),
	   ('100040007002', 'Гарри Поттер и Узник Азкабана', 2009, 3, 1, '823', 2, 2),
	   ('101204013700', 'Благие знамения', 2019, 12, 1, '720', 1, 1),
	   ('100340007904', 'Кровь эльфов', 2020, 9, 1, '720', 5, 1);

insert into public.genrebook (fkgbisbn,fkgbidgenre)
values ('100040007000',7),
       ('100040007000',9),
	   ('100040057089', 3),
	   ('100040057089', 5),
	   ('5600340237710', 2),
	   ('5600340237710', 4),
	   ('320780907000', 6),
	   ('100043407080', 1),
	   ('100949007999', 3),
	   ('156043407077', 5),
	   ('156043407077', 9), 
	   ('100040007002', 7),
	   ('101204013700', 1),
	   ('100340007904', 1);

insert into public.authorbook (pkfkabisbn, pkfkauthor)
values ('100040007000', 1),
	   ('100040007000', 2),
	   ('100040057089', 3),
	   ('100040057089', 1),
	   ('5600340237710', 4),
	   ('5600340237710', 5),
	   ('320780907000', 6),
	   ('100043407080', 7),
	   ('100949007999', 8),
       ('156043407077', 6),
       ('100040007002', 1),
       ('101204013700', 2),
       ('100340007904', 5);

insert into public.instancebook (pkibarcode, iisbn) 
values ('102033', '100040007000'),
       ('102031', '100040057089'),
       ('10203', '5600340237710'),
       ('10204', '5600340237710'),
       ('10205', '5600340237710'),
       ('10206', '5600340237710'),
       ('10207', '5600340237710'),
       ('10208', '320780907000'),
       ('10209', '100043407080'),
       ('10210', '100043407080'),
       ('10211', '100949007999'),
       ('10212', '100949007999'),
       ('10213', '156043407077'),
       ('10214', '100040007002'),
       ('10215', '101204013700'),
       ('10216', '100340007904');
       
INSERT INTO public.rlibcard (lclastn, lcfirstn)
VALUES ('Иванов', 'Сидор'),
       ('Сидоров', 'Петр'),
       ('Петров', 'Иван'),
       ('Наличный', 'Артем');

INSERT INTO public.rlibcard (lclastn, lcfirstn, lcthirdn)
VALUES ('Масальский', 'Сидор', 'Петрович'),
       ('Киров', 'Петр', 'Иванович'),
       ('Богданец', 'Иван', 'Сидорович'), 
       ('Куликов', 'Артем', 'Андреевич');

      
insert into public.jlibticket (fktcard, fktbarcode, dategive, datereturnexpect)
values ('1', '10203', '2023-01-15', '2023-04-15'),
	   ('1', '10209', '2023-01-15', '2023-04-15'),
	   ('2', '10216', '2023-01-15', '2023-04-15'),
	   ('2', '10212', '2023-01-15', '2023-04-15');

update jlibticket set datereturnfact = '2023-04-15' where fktcard = 1 and fktbarcode = '10209';      

SELECT * FROM public.rlibcard 

insert into public.radult (pkacard,aaddress, aphone, apassseriesnum, adatepassrelease)
values (1, 'где-то далеко далеко', '880055555', '1234123456', '2000-11-27'),
       (2, 'чуть ближе', '880055555', '1234123456', '2001-08-20');

insert INTO public.rchild(pkccard, fkacard, bcert, releasecrt)
values (3, 1, '0078568', '2020-01-15'),
       (4, 1, '0000001', '2020-01-15');
       
      
